{"nodes":{"node:1":{"location":{"x":414,"y":283}},"node:2":{"location":{"x":460,"y":100}},"node:3":{"location":{"x":590,"y":283}},"node:4":{"location":{"x":470,"y":188}},"node:5":{"location":{"x":246,"y":364}},"node:6":{"location":{"x":62,"y":284}}},"selection":["link:500000"],"view":{"scroll":{"x":-74.2396240234375,"y":-243.368255615234375},"visible_rect":{"max":{"x":1118.2938232421875,"y":681.04046630859375},"min":{"x":-98.6286773681640625,"y":-323.319122314453125}},"zoom":0.752718448638916016}}