{"nodes":{"node:1":{"location":{"x":518,"y":172}},"node:2":{"location":{"x":310,"y":44}},"node:3":{"location":{"x":702,"y":172}},"node:4":{"location":{"x":310,"y":-52}},"node:5":{"location":{"x":230,"y":430}},"node:6":{"location":{"x":0,"y":100}}},"selection":["link:0"],"view":{"scroll":{"x":-74.2396240234375,"y":-243.368270874023438},"visible_rect":{"max":{"x":1118.2938232421875,"y":681.04046630859375},"min":{"x":-98.6286773681640625,"y":-323.319122314453125}},"zoom":0.752718448638916016}}