{"nodes":{"node:1":{"location":{"x":342,"y":315}},"node:2":{"location":{"x":342,"y":219}},"node:3":{"location":{"x":542,"y":315}},"node:4":{"location":{"x":342,"y":123}},"node:5":{"location":{"x":182,"y":396}},"node:6":{"location":{"x":14,"y":315}}},"selection":null,"view":{"scroll":{"x":-8.23051834106445312,"y":-274.295928955078125},"visible_rect":{"max":{"x":939.51043701171875,"y":752.29571533203125},"min":{"x":-11.5798320770263672,"y":-385.917449951171875}},"zoom":0.710763216018676758}}